"codon","referencia","conservacion","tasaConservacion","esRaro"
"AAA",58113,6380,0.109786106378951,TRUE
"AAT",74444,14489,0.19462952017624,TRUE
"AAC",93375,13166,0.141001338688086,FALSE
"AAG",142965,43209,0.302234812716399,FALSE
"ATA",33776,3940,0.116650876361914,TRUE
"ATT",58946,6212,0.105384589285108,TRUE
"ATC",83097,10027,0.120666209369773,FALSE
"ATG",84068,51137,0.608281391254699,FALSE
"ACA",37875,1954,0.0515907590759076,TRUE
"ACT",33020,751,0.0227437916414294,TRUE
"ACC",76496,7899,0.103260301192219,FALSE
"ACG",53271,4166,0.0782039008090706,TRUE
"AGA",17837,896,0.050232662443236,FALSE
"AGT",41563,3165,0.076149459856122,FALSE
"AGC",74693,15065,0.201692260318905,FALSE
"AGG",23067,429,0.0185979971387697,FALSE
"TAT",39021,8020,0.20553035544963,TRUE
"TAC",67974,12941,0.190381616500427,FALSE
"TTA",14561,796,0.0546665750978642,TRUE
"TTT",48379,7447,0.153930424357676,TRUE
"TTC",80360,19693,0.245059731209557,FALSE
"TTG",59205,2621,0.0442699096360105,FALSE
"TCA",26655,1012,0.0379666103920465,TRUE
"TCT",23501,466,0.0198289434492149,TRUE
"TCC",70749,6093,0.0861213586057753,FALSE
"TCG",59300,5877,0.099106239460371,FALSE
"TGT",19222,2206,0.114764332535636,TRUE
"TGC",48234,17397,0.36067918895385,FALSE
"TGG",36240,31745,0.875965783664459,FALSE
"CAA",54463,4029,0.0739768283054551,TRUE
"CAT",37423,6813,0.182053817171258,TRUE
"CAC",58323,10184,0.174613788728289,FALSE
"CAG",131617,31790,0.241534148324305,FALSE
"CTA",30697,450,0.0146594129719517,TRUE
"CTT",32434,478,0.0147376210149843,TRUE
"CTC",52086,3326,0.0638559305763545,TRUE
"CTG",146840,13923,0.0948174884227731,FALSE
"CCA",46792,1936,0.0413745939476834,FALSE
"CCT",24084,416,0.0172728782594253,TRUE
"CCC",65194,8528,0.130809583704022,FALSE
"CCG",57824,4125,0.0713371610403984,FALSE
"CGA",31496,456,0.0144780289560579,TRUE
"CGT",31354,1976,0.0630222619123557,TRUE
"CGC",66136,9992,0.151082617636386,FALSE
"CGG",31387,483,0.0153885366553032,TRUE
"GAA",74527,5120,0.0686999342520161,TRUE
"GAT",99927,22237,0.222532448687542,FALSE
"GAC",89796,11915,0.132689652100316,FALSE
"GAG",159079,44846,0.28191024585269,FALSE
"GTA",22138,505,0.0228114554160267,TRUE
"GTT",38160,1172,0.0307127882599581,TRUE
"GTC",49198,3924,0.0797593398105614,TRUE
"GTG",104187,17312,0.166162765028266,FALSE
"GCA",45191,1206,0.0266867296585603,TRUE
"GCT",50465,1383,0.02740513226989,TRUE
"GCC",121186,19396,0.160051491096331,FALSE
"GCG",51518,2273,0.044120501572266,TRUE
"GGA",61416,1717,0.0279568841995571,FALSE
"GGT",45735,1834,0.0401005794249481,FALSE
"GGC",93914,17952,0.191153608620653,FALSE
"GGG",16717,231,0.013818268828139,TRUE
