"dipeptido","media","desvio"
"Ala-Ala",1.27543851844639,0.923392020038488
"Ala-Arg",1.48148245194294,1.04659920027885
"Ala-Asn",0.731798839280452,1.03422915493004
"Ala-Asp",0.714230704479725,0.412076768043433
"Ala-Cys",0.541061242877746,0.410524432486206
"Ala-Gln",1.11327839161974,1.36741212455337
"Ala-Glu",0.836074092382963,0.938439845284732
"Ala-Gly",1.60211028060598,0.971456607959884
"Ala-His",0.527201550149347,0.718892466041911
"Ala-Ile",1.33239611999151,0.90233431334756
"Ala-Leu",1.66072166824461,1.37091195570827
"Ala-Lys",0.861424402242667,1.04856946349839
"Ala-Met",0.138374804965305,0.57485653990327
"Ala-Phe",0.97668753927635,0.94554704935713
"Ala-Pro",0.645790224168581,1.33010134977384
"Ala-Ser",1.26656508588038,1.02003210236448
"Ala-Thr",1.24694521318059,1.01013110634781
"Ala-Trp",0.204963899619186,0.417088801892594
"Ala-Tyr",0.844245802545437,0.596311239239665
"Ala-Val",1.17944272931107,1.07168322296706
"Arg-Ala",1.49452358517273,0.829179137364529
"Arg-Arg",1.86804984828341,1.12518891225121
"Arg-Asn",0.482175012130481,0.40819318563528
"Arg-Asp",0.879481531381003,0.61727117949684
"Arg-Cys",0.646210921231853,0.714295294813569
"Arg-Gln",1.04647285138358,1.22617230242998
"Arg-Glu",0.831598425349426,0.893243473845765
"Arg-Gly",1.87274022775913,1.25217938392089
"Arg-His",0.840427959873766,0.777237983964843
"Arg-Ile",1.22829433416992,0.561963027441436
"Arg-Leu",1.88074472164427,1.23153003067109
"Arg-Lys",1.03070302949949,1.08720592111773
"Arg-Met",0.370779028128999,0.362112769419683
"Arg-Phe",0.825346390622374,0.853236005165523
"Arg-Pro",1.83068575384114,1.18456897647484
"Arg-Ser",1.32008071946374,1.25631010571552
"Arg-Thr",1.60519294069547,0.786694771795671
"Arg-Trp",0.452731224231172,0.493447014613693
"Arg-Tyr",0.654240681638527,0.782230463831539
"Arg-Val",1.40982758611869,1.14960387145906
"Asn-Ala",0.589771584301604,0.849282488796728
"Asn-Arg",0.706746956882297,0.768935291343107
"Asn-Asn",0.203509991097958,0.814740531852952
"Asn-Asp",0.125451962575897,0.302727935033139
"Asn-Cys",0.165292022467216,0.773459735600125
"Asn-Gln",0.368898257996746,0.943819549585229
"Asn-Glu",0.407527794865202,0.614720705702906
"Asn-Gly",0.622550706970037,0.480282011206184
"Asn-His",0.0236930190642148,0.599533612444496
"Asn-Ile",0.288355973212751,0.578229897010848
"Asn-Leu",0.896381921805485,0.845027161986842
"Asn-Lys",0.522805909866333,0.961326183545311
"Asn-Met",-0.0157162918793455,0.658271685380679
"Asn-Phe",0.189727367831347,0.598184600496519
"Asn-Pro",0.497158973974192,1.3653433599517
"Asn-Ser",0.534539548025285,0.647403699366167
"Asn-Thr",0.517314946524479,0.754543483738976
"Asn-Trp",0.0150940437999717,0.519674304851088
"Asn-Tyr",0.49178467770444,0.440679613540176
"Asn-Val",0.632530398086283,0.768425910960508
"Asp-Ala",0.434812284393859,0.849201257460472
"Asp-Arg",0.77715725949437,0.938854550899358
"Asp-Asn",0.442107362509798,0.698900429054903
"Asp-Asp",-0.182152043059258,0.0981223347952847
"Asp-Cys",0.00608863662473873,0.550569188968778
"Asp-Gln",0.385580263434893,0.738803750671327
"Asp-Glu",0.128097871912937,0.358754908984217
"Asp-Gly",0.57307976534937,0.713788292212281
"Asp-His",-0.200991115306654,0.624705304923102
"Asp-Ile",0.400383631975512,0.436527044204832
"Asp-Leu",1.00307720140359,0.769086589493006
"Asp-Lys",0.57894168973134,0.748433526096897
"Asp-Met",-0.0166554116427277,0.805220839560894
"Asp-Phe",0.230091568142189,0.675450323348836
"Asp-Pro",0.723954476017992,0.707643224624842
"Asp-Ser",0.401379814145669,0.552547068373981
"Asp-Thr",0.550005738669779,0.498103538409268
"Asp-Trp",-0.0636976967944077,0.649893485663841
"Asp-Tyr",0.223770885074415,0.531052066443806
"Asp-Val",0.672437844302208,0.859369424156181
"Cys-Ala",0.544739641362317,1.23222685205263
"Cys-Arg",1.10115756057291,1.18621674648369
"Cys-Asn",0.471766938370494,0.302561726151811
"Cys-Asp",0.392441039765976,1.09806688032091
"Cys-Cys",0.188328395593835,0.82391118386618
"Cys-Gln",0.730750855796031,0.815244941997749
"Cys-Glu",0.294611848977757,0.484757890928598
"Cys-Gly",0.287721392079054,0.690788947896013
"Cys-His",0.444763440886898,0.31866494592405
"Cys-Ile",0.46499293345663,0.642995326913432
"Cys-Leu",1.02622706014024,1.29040946211054
"Cys-Lys",0.556145286623891,0.890329673491077
"Cys-Met",-0.0933144159108261,0.997313753145824
"Cys-Phe",0.212271229468427,0.475017032053744
"Cys-Pro",0.710944514470132,0.533020848540668
"Cys-Ser",0.54222686384594,1.07757437189574
"Cys-Thr",0.860795628936695,0.901038338184248
"Cys-Trp",-0.554629667750996,1.36062921583123
"Cys-Tyr",-0.30319977321979,0.762477242061626
"Cys-Val",0.758644491087937,1.16307149801572
"Gln-Ala",1.01025660962708,0.650131588193356
"Gln-Arg",0.897302151058199,1.02122017168845
"Gln-Asn",0.335375377261096,0.280001426697806
"Gln-Asp",0.694177608419788,0.300554626931674
"Gln-Cys",0.319624153464681,0.443688618040526
"Gln-Gln",0.282875878979326,0.829571655776158
"Gln-Glu",0.637913354887453,0.646765037718853
"Gln-Gly",1.13913261639278,1.14886656064997
"Gln-His",0.183977374500816,0.563950492391528
"Gln-Ile",0.893929729579285,0.79659182242467
"Gln-Leu",0.876155688479401,1.16499790421722
"Gln-Lys",0.486541877049251,0.60082995564472
"Gln-Met",0.31368955222025,1.07378867807263
"Gln-Phe",0.460613850899846,0.670853630560324
"Gln-Pro",0.719236240081118,0.830018608680767
"Gln-Ser",0.830190915678951,1.0225685687442
"Gln-Thr",1.10413217405626,0.86300190524007
"Gln-Trp",0.0491774104291615,0.555139871127308
"Gln-Tyr",0.477980737014112,0.610093291679473
"Gln-Val",1.48609162642675,0.849326494158584
"Glu-Ala",0.957567642650907,0.633773108874253
"Glu-Arg",0.626686535688531,1.01594945386772
"Glu-Asn",0.326749407225935,0.503609839782501
"Glu-Asp",0.402548781026614,0.29493380312741
"Glu-Cys",0.549367750553624,0.946092180000361
"Glu-Gln",0.418417489058546,0.971135836391605
"Glu-Glu",0.462942213438057,0.775834835215529
"Glu-Gly",1.12347725040801,0.925356321734344
"Glu-His",0.124763703585372,0.57078400957742
"Glu-Ile",0.884094021448253,0.796185432591903
"Glu-Leu",0.902122403364556,1.1073909795936
"Glu-Lys",0.567448417167673,0.460082315174356
"Glu-Met",0.52140208581007,0.934781726651287
"Glu-Phe",0.584158879230019,0.734993529303754
"Glu-Pro",0.471920318679248,0.866997168077391
"Glu-Ser",0.786587961108726,1.08353642695259
"Glu-Thr",1.08717969069218,0.727765292515883
"Glu-Trp",0.220678101130654,0.928476733848679
"Glu-Tyr",0.458769160292799,0.700137206087047
"Glu-Val",0.988013220788503,0.971112159342161
"Gly-Ala",1.28500154907253,1.28482247775918
"Gly-Arg",1.99660418654931,1.35396257743981
"Gly-Asn",0.591801143549968,0.438677164007047
"Gly-Asp",0.573477456817775,0.638469720587284
"Gly-Cys",0.695874758064775,0.947500261204785
"Gly-Gln",0.703953749817154,0.998454771896707
"Gly-Glu",0.465743918715248,1.19340424763328
"Gly-Gly",1.31395444142168,1.53126767987997
"Gly-His",0.625736692918741,0.96244323452868
"Gly-Ile",1.16668130796731,0.600598033923424
"Gly-Leu",1.73213909321615,1.30484060260208
"Gly-Lys",0.98263056903573,0.857773918581571
"Gly-Met",0.234079212567095,0.640972409067388
"Gly-Phe",1.01337184684335,0.843123811725811
"Gly-Pro",1.36099754477497,1.37597110001258
"Gly-Ser",1.11448286063168,1.35444524682723
"Gly-Thr",1.63610629969203,1.05262565720184
"Gly-Trp",-0.262326021737965,0.831432644146154
"Gly-Tyr",0.843970288058896,0.725829966127977
"Gly-Val",1.33218002604227,1.42718439706778
"His-Ala",0.688830511221403,0.620296271022973
"His-Arg",0.870398010356494,0.805038950717546
"His-Asn",0.192419792781672,0.839890508334951
"His-Asp",0.0257293104921612,0.459440841221203
"His-Cys",0.154092033767973,0.438400493702849
"His-Gln",-0.203171338764698,0.73960211971022
"His-Glu",0.101719690005796,0.616295378419134
"His-Gly",0.354367820314895,0.604496055868525
"His-His",-0.602599876787134,0.896645241250877
"His-Ile",0.585141534004489,0.473603292608144
"His-Leu",0.704444654057591,0.865584941687375
"His-Lys",0.494296754987898,0.936298619043667
"His-Met",-0.125692515629372,1.19051399082294
"His-Phe",0.202394595492786,0.347259618361198
"His-Pro",0.633613758665108,0.91229468737944
"His-Ser",0.707946518876244,0.819374192904966
"His-Thr",0.583245326736504,0.698410426281779
"His-Trp",-0.226153830179174,0.628259416524489
"His-Tyr",-0.0858882121198599,0.501266024179192
"His-Val",0.397009592372028,0.651203102731967
"Ile-Ala",1.0445427173698,1.01581281040478
"Ile-Arg",0.989645089982631,0.999937262387991
"Ile-Asn",0.551018561248953,0.437783059475587
"Ile-Asp",0.458266370938272,0.314716874456261
"Ile-Cys",0.399344836428691,0.418663473973197
"Ile-Gln",0.295131287213736,1.20140919049772
"Ile-Glu",0.479414646368496,0.906296287600553
"Ile-Gly",0.933625346101912,0.961455044846738
"Ile-His",-0.0106522295306127,1.13505986444209
"Ile-Ile",0.755315319942386,0.367995433705238
"Ile-Leu",1.00884346604344,1.33315299193898
"Ile-Lys",0.398302606545342,0.842856816966397
"Ile-Met",-0.0672499934459392,0.262008915900816
"Ile-Phe",0.369973347801609,0.594833264139687
"Ile-Pro",1.31764551930296,1.30580782025335
"Ile-Ser",1.09395457391406,0.711412854997882
"Ile-Thr",0.768081596429225,0.701016209974109
"Ile-Trp",0.181342636278338,0.274140466651023
"Ile-Tyr",0.325533628271599,0.518192398726492
"Ile-Val",0.860381321190959,1.36976508168586
"Leu-Ala",1.70742370687735,1.16083525767766
"Leu-Arg",1.73946816345719,1.20309694093764
"Leu-Asn",0.72019697121805,0.597049053255667
"Leu-Asp",0.927070773641947,0.467388657262202
"Leu-Cys",0.868153801231066,0.727056900269998
"Leu-Gln",0.930445209757755,1.06880481463095
"Leu-Glu",1.17422090099862,1.01901755306461
"Leu-Gly",1.93623698322618,1.31247528497022
"Leu-His",0.511773748935353,0.959825101858103
"Leu-Ile",1.59180409342297,0.742442929383595
"Leu-Leu",1.83714319336264,1.40663922005771
"Leu-Lys",0.68770384831223,0.680671845761203
"Leu-Met",0.272409092729452,0.258091876632308
"Leu-Phe",0.740634686702748,0.811666812517153
"Leu-Pro",1.77293432967786,1.35139215670997
"Leu-Ser",1.53178629229985,0.98298126926937
"Leu-Thr",1.83861604973446,0.872132162749244
"Leu-Trp",-0.00378180518923798,0.385872547555004
"Leu-Tyr",0.513921151113795,0.862208591600773
"Leu-Val",1.87445680089966,1.38047540800944
"Lys-Ala",1.00713229375158,0.723567155464741
"Lys-Arg",0.7726097794379,0.87890736318363
"Lys-Asn",0.542272162662477,0.211383269205846
"Lys-Asp",0.820340668919126,0.476873882097598
"Lys-Cys",0.406774726352151,0.918948013438117
"Lys-Gln",0.627901195796555,0.741318006367701
"Lys-Glu",0.571544174865315,0.543734266578259
"Lys-Gly",1.14810364599016,0.717565171889004
"Lys-His",0.560250509000411,0.0575221199886558
"Lys-Ile",0.729463553059443,0.689376507565329
"Lys-Leu",0.960648998482218,1.14575073258075
"Lys-Lys",0.574674664275554,0.233010749331817
"Lys-Met",0.33913067543775,0.790935674937114
"Lys-Phe",0.360963189544682,0.683263477870584
"Lys-Pro",0.652754377509347,0.619298322930956
"Lys-Ser",0.719626129618647,0.830247722388571
"Lys-Thr",1.15200304188732,0.842034265487577
"Lys-Trp",0.0340025002085018,0.885662098949238
"Lys-Tyr",0.525752732584624,0.768740677695157
"Lys-Val",1.32788434475347,0.893647506788494
"Met-Ala",0.84568612372387,0.247474643673012
"Met-Arg",0.429494357832649,0.187891887173321
"Met-Asn",0.555541741178927,0.210558039566487
"Met-Asp",0.349004890707433,0.308219696300695
"Met-Cys",0.175663142062187,0.357947962926639
"Met-Gln",0.443913628978633,0.13265000079204
"Met-Glu",0.34671279142441,0.197754909031037
"Met-Gly",0.594740815779567,0.198544923979833
"Met-His",0.329246306010093,0.167591466752761
"Met-Ile",0.586751816975149,0.144975562274878
"Met-Leu",0.473602447458124,0.338571680935796
"Met-Lys",0.427802968590717,0.0164365347757983
"Met-Met",0.240348468745719,NA
"Met-Phe",0.382877492924606,0.0993205719365332
"Met-Pro",0.551784508508977,0.155732184305106
"Met-Ser",0.900135083868419,0.373094996648257
"Met-Thr",0.830041764922695,0.236580563707616
"Met-Trp",0.137390634924854,NA
"Met-Tyr",0.406515179005419,0.329858073950178
"Met-Val",0.592161033445378,0.290079921843283
"Phe-Ala",0.443750578524228,1.10332210374221
"Phe-Arg",1.31641212437405,0.672626676322249
"Phe-Asn",0.00144845740923806,0.718673939868689
"Phe-Asp",0.0190755977417845,0.253832822845072
"Phe-Cys",0.222931411060388,0.75750943290006
"Phe-Gln",0.782616775966174,0.575981321901094
"Phe-Glu",0.0959470990490233,0.568095514709494
"Phe-Gly",0.0833160223090196,0.765920238187112
"Phe-His",0.412704393737087,0.229788694156659
"Phe-Ile",0.589718952082035,0.367358578912353
"Phe-Leu",1.26787570281628,0.821537536900157
"Phe-Lys",0.327349436776516,0.701707610760799
"Phe-Met",0.0384824485421929,0.120581224475448
"Phe-Phe",0.554062270270168,0.431760997912693
"Phe-Pro",0.998360319718705,0.613102604735327
"Phe-Ser",0.641182575395212,0.761480580120625
"Phe-Thr",0.83799484452402,0.620976245933289
"Phe-Trp",-0.0734508071997073,0.794680125084827
"Phe-Tyr",0.159026986156101,0.681886344947165
"Phe-Val",0.603686734529687,1.04517150304677
"Pro-Ala",1.41364646517967,1.06309309673133
"Pro-Arg",1.58983143276792,1.02167402075715
"Pro-Asn",0.662615874794763,0.6994934242708
"Pro-Asp",0.970328539192352,0.649259904425822
"Pro-Cys",0.575963376922066,1.20986478421059
"Pro-Gln",0.542337680815663,1.04458923814148
"Pro-Glu",0.992222745191707,1.00278619820605
"Pro-Gly",1.50810872054503,0.951210722457229
"Pro-His",0.121201253744853,1.01847559566666
"Pro-Ile",0.930852158272397,0.617830584539198
"Pro-Leu",1.2293100887611,1.25236065123495
"Pro-Lys",0.849981285745648,0.980957691300379
"Pro-Met",-0.167674571644221,0.55345866345358
"Pro-Phe",0.571629233932695,0.917865763305343
"Pro-Pro",1.15357413704334,1.12994918202905
"Pro-Ser",1.24133753715652,0.926366503319367
"Pro-Thr",1.31337883070575,0.891098197584626
"Pro-Trp",0.0243406208610791,0.687205454489993
"Pro-Tyr",0.818064450136947,1.02992668423314
"Pro-Val",1.34333435276202,1.35988068976891
"Ser-Ala",1.10986715214593,0.90429401609801
"Ser-Arg",1.56274759822912,0.947725834129552
"Ser-Asn",0.465406564962253,0.313852874331365
"Ser-Asp",0.58618484954355,0.620827170047046
"Ser-Cys",0.68494834236413,0.961147027422223
"Ser-Gln",0.84180174210702,1.16769930858387
"Ser-Glu",0.588828421642796,0.825799603199177
"Ser-Gly",1.18707504117807,1.16801492907
"Ser-His",0.637718339023221,0.84225209975849
"Ser-Ile",1.17686972676319,0.666230975835215
"Ser-Leu",1.42709455997994,1.15806395295022
"Ser-Lys",0.746545507660951,0.848695084531473
"Ser-Met",0.0590407527129293,0.653363309519224
"Ser-Phe",0.767322817133865,0.731676847009014
"Ser-Pro",1.12898970841161,1.06726322481021
"Ser-Ser",1.2320507069985,1.04579343130163
"Ser-Thr",1.17904069995039,0.822781122095507
"Ser-Trp",0.291751982765011,0.404115288124581
"Ser-Tyr",0.596572872804969,0.62829976510104
"Ser-Val",1.34353751842734,1.18051076931294
"Thr-Ala",1.45383164888694,0.920673078639186
"Thr-Arg",1.56252667031774,0.929567204528028
"Thr-Asn",0.946348817075873,0.675356492340599
"Thr-Asp",0.938128871193133,0.600444250806206
"Thr-Cys",0.971752872059004,0.615197183407533
"Thr-Gln",0.911223390660856,1.02514372520217
"Thr-Glu",0.892249698164555,0.83626654657194
"Thr-Gly",1.58451579499841,1.02674863430036
"Thr-His",0.468954608452992,0.653562283360064
"Thr-Ile",1.43860665559103,0.787244451627314
"Thr-Leu",1.54647673481231,1.10250106406403
"Thr-Lys",0.781859115299347,0.941869139037429
"Thr-Met",0.164595199432473,0.535390989363783
"Thr-Phe",0.670378097458054,0.762956419103985
"Thr-Pro",1.06080365081605,1.3369017882072
"Thr-Ser",1.36042793791001,1.06054299860873
"Thr-Thr",1.17669414047065,0.773870890997635
"Thr-Trp",0.0904037203190685,0.28705919471977
"Thr-Tyr",0.8897132250317,0.69364728628846
"Thr-Val",1.65482006149488,1.23846855522127
"Trp-Ala",0.177747988218379,0.435971229218948
"Trp-Arg",0.074480373039611,0.352206942692403
"Trp-Asn",0.186392761719013,0.289608163870156
"Trp-Asp",0.313222286330395,0.0226040301633359
"Trp-Cys",0.239116929704881,0.241994858397129
"Trp-Gln",0.232934085630782,0.00914928069486787
"Trp-Glu",0.182846678672225,0.274603830382768
"Trp-Gly",0.61788254094304,0.393668023385094
"Trp-His",0.184906527350696,0.261116982884592
"Trp-Ile",0.212130039893566,0.417932885430417
"Trp-Leu",-0.140956572103485,0.5449659850922
"Trp-Lys",0.20358785132422,0.0518875389238913
"Trp-Met",0.167108549207893,NA
"Trp-Phe",0.247750036919948,0.277553712229332
"Trp-Pro",0.170643500447582,0.16452031374877
"Trp-Ser",0.114753705671973,0.491627789727866
"Trp-Thr",0.119963345212577,0.202890311243371
"Trp-Trp",0.0855759968865551,NA
"Trp-Tyr",0.132634699528828,0.249244735882879
"Trp-Val",0.238657359467283,0.341765978697045
"Tyr-Ala",0.433596616539697,1.0318439477336
"Tyr-Arg",0.796542632693884,0.816412998614634
"Tyr-Asn",0.196919121432173,0.923620127258263
"Tyr-Asp",0.0735161607915788,0.26905507901415
"Tyr-Cys",0.18989491858581,0.496582235689642
"Tyr-Gln",0.485436333290889,0.628032829494315
"Tyr-Glu",0.244147958307993,0.575260124470904
"Tyr-Gly",0.294818982650742,0.623242183839165
"Tyr-His",-0.0461483276941222,0.472569679080369
"Tyr-Ile",0.261916281795148,0.37229370014461
"Tyr-Leu",1.10172022436234,0.45351303015011
"Tyr-Lys",0.41083493541022,0.953419872289969
"Tyr-Met",-0.368939393211501,0.843300941227099
"Tyr-Phe",0.203637492593954,0.400144499726439
"Tyr-Pro",0.81525009894332,0.83839982291079
"Tyr-Ser",0.601489300077001,0.651720100294499
"Tyr-Thr",0.415013560093213,0.520219825653771
"Tyr-Trp",-0.243039550236983,0.400336069667305
"Tyr-Tyr",0.202773959632264,0.431745662183405
"Tyr-Val",0.369875154828532,1.10757017186672
"Val-Ala",1.65687722247362,1.12868177601298
"Val-Arg",1.5811586564578,1.28092607925863
"Val-Asn",0.697794173708356,0.419997628367701
"Val-Asp",0.694651673853703,0.629993590351768
"Val-Cys",0.66341325298282,0.484790557389855
"Val-Gln",0.874127454843396,1.39557807464407
"Val-Glu",0.908181739318724,1.11527998215755
"Val-Gly",1.61899071283017,1.40672370897377
"Val-His",0.726213768514991,1.02323347252863
"Val-Ile",1.48349718769684,0.75235968210757
"Val-Leu",1.57157979137296,1.49565153101171
"Val-Lys",0.759683719339754,0.669688748548625
"Val-Met",0.384862054095654,0.28359656799084
"Val-Phe",0.907602908788192,0.80593704887113
"Val-Pro",1.72441451168563,1.63108932768807
"Val-Ser",1.44886442716361,0.9772762872958
"Val-Thr",1.57513061323077,0.99963186143121
"Val-Trp",-0.256635975130263,0.741516514195507
"Val-Tyr",0.589496346110211,1.00648961847082
"Val-Val",1.39393951374408,1.49754605532789
